password,id,email,name
{'S': 'z5M7Mxm'},{'S': 'cd06ad9c-367c-41bd-8473-46a58b836e95'},{'S': 'IsabellaAnderson@gmail.com'},{'S': 'Isabella Anderson'}
{'S': 'T3qCmfC'},{'S': 'b34a855e-0fb2-4892-ad6d-5c08577abf01'},{'S': 'MichaelJohnson@gmail.com'},{'S': 'Michael Johnson'}
{'S': 'Ma238o6G'},{'S': '4075fafe-f429-4c45-961d-10d5e8bcc210'},{'S': 'BenjaminDavis@gmail.com'},{'S': 'Benjamin Davis'}
{'S': '5D4IPlV5S'},{'S': '4cd2f3df-56f4-49e8-a9c7-d1bda618ed57'},{'S': 'SophiaJones@gmail.com'},{'S': 'Sophia Jones'}
{'S': '6z0JK'},{'S': '2ea2c512-9b3f-4c2f-ae7c-f179621cccbc'},{'S': 'OliviaSmith@gmail.com'},{'S': 'Olivia Smith'}
{'S': 'aXEa8Np70'},{'S': '6ba38195-e12d-4950-8f94-002c0d566867'},{'S': 'SophiaBrown@gmail.com'},{'S': 'Sophia Brown'}
{'S': 'm4F8z'},{'S': '57eea59d-1136-462e-ae40-910e26f79168'},{'S': 'JohnAnderson@gmail.com'},{'S': 'John Anderson'}
{'S': 'iouWFvp'},{'S': '4b02147f-fd02-46a8-9bd2-98bed9fe64c6'},{'S': 'AvaWilson@gmail.com'},{'S': 'Ava Wilson'}
{'S': 'abbDqY'},{'S': '5bc36ac6-f5fb-4a54-89aa-0b6f41cf0942'},{'S': 'WilliamBrown@gmail.com'},{'S': 'William Brown'}
{'S': 'nO8bq'},{'S': 'd07bddbf-261f-42cf-91a3-f230e56b3f7b'},{'S': 'JamesWilliams@gmail.com'},{'S': 'James Williams'}
{'S': 'ly2Fg'},{'S': '888cc892-afd3-45e1-ab1c-ac98d58e934b'},{'S': 'OliviaDavis@gmail.com'},{'S': 'Olivia Davis'}
{'S': 'GRS5l'},{'S': '51ff1b23-cf4c-481d-8db9-bfac9cf1ca67'},{'S': 'MichaelWilson@gmail.com'},{'S': 'Michael Wilson'}
{'S': 'BFF19'},{'S': 'b6463b72-650f-46d8-8c6e-ccdd88a584b6'},{'S': 'WilliamSmith@gmail.com'},{'S': 'William Smith'}
{'S': '4tzNscE'},{'S': '5c2933f1-64b8-463e-a6a1-c77cd876f128'},{'S': 'EmmaGarcia@gmail.com'},{'S': 'Emma Garcia'}
{'S': 'Hii8mv'},{'S': '653b69e9-466b-45ea-8cf7-ee89572a1ce3'},{'S': 'EmmaJohnson@gmail.com'},{'S': 'Emma Johnson'}
{'S': 'XRssbrN7q'},{'S': '887c38f2-7228-4ba9-ba30-0b057fea062b'},{'S': 'IsabellaMiller@gmail.com'},{'S': 'Isabella Miller'}
{'S': 'LVbkgl3LNk'},{'S': '6751b8e7-7daf-419e-8476-82f54dc99190'},{'S': 'JamesWilliams@gmail.com'},{'S': 'James Williams'}
{'S': 'MfaOad'},{'S': 'b30ea24a-0af3-4327-83e9-21f7d39e68d8'},{'S': 'AvaMiller@gmail.com'},{'S': 'Ava Miller'}
{'S': 'AVBFSjL'},{'S': 'fcea5204-b631-40bd-a005-6c8ebf1f8ce5'},{'S': 'BenjaminGarcia@gmail.com'},{'S': 'Benjamin Garcia'}
{'S': 'tS5icoW'},{'S': 'aff2daf4-4a91-423e-ba1f-88ccc0589a0c'},{'S': 'JohnJones@gmail.com'},{'S': 'John Jones'}
